{
  "format_version": "1.12.0",
  "minecraft:geometry": [
    {
      "description": {
        "identifier": "geometry.cb_frost_elf_knight_default",
        "texture_width": 128.0,
        "texture_height": 128.0,
        "visible_bounds_height": 3.5,
        "visible_bounds_offset": [
          0.0,
          1.25,
          0.0
        ],
        "visible_bounds_width": 3.0
      },
      "bones": [
        {
          "name": "Head",
          "pivot": [
            0,
            24,
            0
          ],
          "cubes": [
            {
              "origin": [
                -0.9969,
                22.74115,
                -17.10566
              ],
              "size": [
                2,
                1,
                3
              ],
              "pivot": [
                0,
                0,
                0
              ],
              "rotation": [
                149.13252,
                12.95254,
                172.36926
              ],
              "uv": [
                70,
                0
              ]
            },
            {
              "origin": [
                -1.0031,
                22.74115,
                -17.10566
              ],
              "size": [
                2,
                1,
                3
              ],
              "pivot": [
                0,
                0,
                0
              ],
              "rotation": [
                149.13252,
                -12.95254,
                -172.36926
              ],
              "uv": [
                70,
                0
              ],
              "mirror": true
            },
            {
              "origin": [
                -0.9969,
                21.74115,
                -16.10566
              ],
              "size": [
                2,
                1,
                3
              ],
              "pivot": [
                0,
                0,
                0
              ],
              "rotation": [
                149.13252,
                12.95254,
                172.36926
              ],
              "uv": [
                71,
                0
              ]
            },
            {
              "origin": [
                -1.0031,
                21.74115,
                -16.10566
              ],
              "size": [
                2,
                1,
                3
              ],
              "pivot": [
                0,
                0,
                0
              ],
              "rotation": [
                149.13252,
                -12.95254,
                -172.36926
              ],
              "uv": [
                71,
                0
              ],
              "mirror": true
            },
            {
              "origin": [
                -2.3,
                25.675,
                2.7
              ],
              "size": [
                1.1,
                1.1,
                1
              ],
              "pivot": [
                0,
                0,
                0
              ],
              "rotation": [
                -180,
                0,
                180
              ],
              "uv": [
                0,
                2
              ]
            },
            {
              "origin": [
                1.2,
                25.675,
                2.7
              ],
              "size": [
                1.1,
                1.1,
                1
              ],
              "pivot": [
                0,
                0,
                0
              ],
              "rotation": [
                -180,
                0,
                180
              ],
              "uv": [
                0,
                0
              ]
            },
            {
              "origin": [
                -4,
                24,
                -4.4
              ],
              "size": [
                8,
                7,
                8
              ],
              "inflate": 0.5,
              "pivot": [
                0,
                0,
                0
              ],
              "rotation": [
                -180,
                0,
                180
              ],
              "uv": [
                24,
                23
              ]
            },
            {
              "origin": [
                -4,
                24,
                -4.4
              ],
              "size": [
                8,
                8,
                8
              ],
              "pivot": [
                0,
                0,
                0
              ],
              "rotation": [
                -180,
                0,
                180
              ],
              "uv": [
                0,
                15
              ]
            },
            {
              "origin": [
                -0.5,
                19.42835,
                -17.03978
              ],
              "size": [
                1,
                1,
                1.1
              ],
              "pivot": [
                0,
                0,
                0
              ],
              "rotation": [
                133,
                0,
                -180
              ],
              "uv": [
                3,
                1
              ]
            }
          ]
        },
        {
          "name": "Body",
          "pivot": [
            0,
            24,
            0
          ],
          "cubes": [
            {
              "origin": [
                -4,
                12,
                -2.4
              ],
              "size": [
                8,
                12,
                4
              ],
              "pivot": [
                0,
                0,
                0
              ],
              "rotation": [
                -180,
                0,
                180
              ],
              "uv": [
                34,
                0
              ]
            },
            {
              "origin": [
                -4,
                12,
                -2.4
              ],
              "size": [
                8,
                12,
                4
              ],
              "inflate": 0.25,
              "pivot": [
                0,
                0,
                0
              ],
              "rotation": [
                -180,
                0,
                180
              ],
              "uv": [
                0,
                31
              ]
            }
          ]
        },
        {
          "name": "LeftArm",
          "pivot": [
            5,
            22,
            0
          ],
          "cubes": [
            {
              "origin": [
                -8,
                12,
                -2.4
              ],
              "size": [
                4,
                12,
                4
              ],
              "pivot": [
                0,
                0,
                0
              ],
              "rotation": [
                -180,
                0,
                -180
              ],
              "uv": [
                56,
                28
              ],
              "mirror": true
            },
            {
              "origin": [
                -8,
                12,
                -2.4
              ],
              "size": [
                4,
                12,
                4
              ],
              "inflate": 0.25,
              "pivot": [
                0,
                0,
                0
              ],
              "rotation": [
                -180,
                0,
                180
              ],
              "uv": [
                32,
                54
              ]
            }
          ]
        },
        {
          "name": "RightArm",
          "pivot": [
            -5,
            22,
            0
          ],